journalName,pctOG,pctRE
Bioinformatics,0.758706,0.241294
BMC_Bioinformatics,0.6619,0.3381
BMC_Genomics,0.876132,0.123868
BMC_Syst_Biol,0.678082,0.321918
Genome_Biol,0.852265,0.147735
Genome_Med,0.673786,0.326214
Nat_Biotechnol,0.867925,0.132075
Nat_Methods,0.78629,0.21371
Nucleic_Acids_Res,0.783089,0.216911
PLoS_Comput_Biol,0.608426,0.391574
