repoName,Bioinformatics,BMC_Bioinformatics,BMC_Genomics,BMC_Syst_Biol,Genome_Biol,Genome_Med,Nat_Biotechnol,Nat_Methods,Nucleic_Acids_Res,PLoS_Comput_Biol
NCBI_SRA,0.28839,0.179353,0.30561,0.0310345,0.217939,0.176849,0.235849,0.284672,0.0894721,0.117936
EMBL,0.116105,0.0507437,0.037203,0.00344828,0.0667161,0.0514469,0.00943396,0.0583942,0.0199821,0.0515971
DDBJ,0.0149813,0.00787402,0.0157772,0,0.00518903,0,0,0.00729927,0.0122279,0.002457
NCBI_GEO,0.322097,0.550306,0.444488,0.686207,0.496664,0.389068,0.471698,0.40146,0.303907,0.5086
TCGA,0.220974,0.2021,0.189521,0.275862,0.182357,0.321543,0.273585,0.226277,0.558008,0.29484
GTEx,0.0374532,0.0096238,0.00740164,0.00344828,0.0311342,0.0610932,0.00943396,0.0218978,0.0164032,0.02457